id,topic_id,date,description,created_at,updated_at
34f5f8c4-af07-45b4-8501-d3fc7e23fd58,82b7fcc6-e139-4ed2-a9fe-dbd449a5fbda,2026-09-04,Pilot design freeze,2026-09-29T21:55:00.000Z,2026-09-29T21:55:00.000Z
4a637fd7-b600-45a5-bcea-38134400ee54,82b7fcc6-e139-4ed2-a9fe-dbd449a5fbda,2026-09-11,Bristol pilot live,2026-09-29T21:55:00.000Z,2026-09-29T21:55:00.000Z
67aa0db4-e5d2-4471-aebc-fef038343c06,82b7fcc6-e139-4ed2-a9fe-dbd449a5fbda,2026-09-18,Accuracy gate review,2026-09-29T21:55:00.000Z,2026-09-29T21:55:00.000Z
25e3cc5c-567e-40ba-9b49-6a62b3320271,82b7fcc6-e139-4ed2-a9fe-dbd449a5fbda,2026-09-25,Legal injury sign-off,2026-09-29T21:55:00.000Z,2026-09-29T21:55:00.000Z
ffe874e3-a9c1-4db6-8c01-a316d681d88e,82b7fcc6-e139-4ed2-a9fe-dbd449a5fbda,2026-10-02,Wales queue go-live,2026-09-29T21:55:00.000Z,2026-09-29T21:55:00.000Z
e0c59427-f888-4dbe-aaab-35e8d3835f35,82b7fcc6-e139-4ed2-a9fe-dbd449a5fbda,2026-10-09,Hypercare checkpoint,2026-09-29T21:55:00.000Z,2026-09-29T21:55:00.000Z
94ef28f0-b79b-4a39-a3f8-392693952318,82b7fcc6-e139-4ed2-a9fe-dbd449a5fbda,2026-10-16,Property claims kickoff,2026-09-29T21:55:00.000Z,2026-09-29T21:55:00.000Z
938bf74a-7120-4ebf-b201-ab0b3f68fb7a,82b7fcc6-e139-4ed2-a9fe-dbd449a5fbda,2026-10-23,Phase 2 business case,2026-09-29T21:55:00.000Z,2026-09-29T21:55:00.000Z
787f30e1-a2a5-4c2c-a198-807a1ce05904,1985b0d0-954a-4be9-8fad-020a0dd24675,2026-09-11,Corpus refresh,2026-09-29T21:55:00.000Z,2026-09-29T21:55:00.000Z
ee3ff2ef-49fa-411e-ac54-b4ea63e34988,1985b0d0-954a-4be9-8fad-020a0dd24675,2026-09-18,Gold-set failure review,2026-09-29T21:55:00.000Z,2026-09-29T21:55:00.000Z
1ea24cb5-59ab-47a6-8e94-22288b852113,1985b0d0-954a-4be9-8fad-020a0dd24675,2026-09-25,Broker UAT start,2026-09-29T21:55:00.000Z,2026-09-29T21:55:00.000Z
6dc2588d-5827-4ec1-a29c-575c8d5431c5,1985b0d0-954a-4be9-8fad-020a0dd24675,2026-10-02,Soft launch 40 brokers,2026-09-29T21:55:00.000Z,2026-09-29T21:55:00.000Z
aea830ee-0533-4377-b3d1-b055690838cc,1985b0d0-954a-4be9-8fad-020a0dd24675,2026-10-09,Full broker rollout decision,2026-09-29T21:55:00.000Z,2026-09-29T21:55:00.000Z
f1c3bec7-9657-499e-905b-6fd67c480676,1985b0d0-954a-4be9-8fad-020a0dd24675,2026-10-16,Mobile web beta,2026-09-29T21:55:00.000Z,2026-09-29T21:55:00.000Z
a62f9d0c-45b5-4fc9-9172-4ec11b6a160b,255fe1c8-b5a4-4d01-a805-3d285bd54985,2026-09-11,Shadow mode start,2026-09-29T21:55:00.000Z,2026-09-29T21:55:00.000Z
e884970f-08e0-498d-9bb2-523a3dd2ebd7,255fe1c8-b5a4-4d01-a805-3d285bd54985,2026-09-25,Graph spike complete,2026-09-29T21:55:00.000Z,2026-09-29T21:55:00.000Z
45c38869-8463-4f72-8a51-597074848a40,255fe1c8-b5a4-4d01-a805-3d285bd54985,2026-10-02,Assisted mode team A,2026-09-29T21:55:00.000Z,2026-09-29T21:55:00.000Z
d33fa4ed-f477-4ba8-b9ab-ba4820a07543,255fe1c8-b5a4-4d01-a805-3d285bd54985,2026-10-16,Audit retention sign-off,2026-09-29T21:55:00.000Z,2026-09-29T21:55:00.000Z
e4fb9576-c751-43fb-a86a-a858fae25ee9,255fe1c8-b5a4-4d01-a805-3d285bd54985,2026-10-23,Team B rollout,2026-09-29T21:55:00.000Z,2026-09-29T21:55:00.000Z
2351e2a7-674e-44f1-ad3d-0e19f54bf076,17da0cc9-9ccf-409c-87da-82fc468f195d,2026-09-18,Forum A pilot,2026-09-29T21:55:00.000Z,2026-09-29T21:55:00.000Z
e06eb6d5-833f-4af5-a2ab-f1cdf0343c20,17da0cc9-9ccf-409c-87da-82fc468f195d,2026-09-25,PMO CSV export live,2026-09-29T21:55:00.000Z,2026-09-29T21:55:00.000Z
d33b8ed2-1be3-4c4d-a61e-1547cc0499d5,17da0cc9-9ccf-409c-87da-82fc468f195d,2026-10-02,Directory match gap logged,2026-09-29T21:55:00.000Z,2026-09-29T21:55:00.000Z
87982a97-0dbb-4b26-846d-3407598bed9c,17da0cc9-9ccf-409c-87da-82fc468f195d,2026-10-16,Contractor feed live,2026-09-29T21:55:00.000Z,2026-09-29T21:55:00.000Z
53b78cda-0962-41d6-8777-01bd422079f8,17da0cc9-9ccf-409c-87da-82fc468f195d,2026-10-23,Steering board default tool,2026-09-29T21:55:00.000Z,2026-09-29T21:55:00.000Z
2efb5f8e-ce51-4516-907c-439b3cd001e9,f228e5e9-348e-4134-8b04-d230b87b35e9,2026-09-11,Phase 1 exit review,2026-09-29T21:55:00.000Z,2026-09-29T21:55:00.000Z
61a71eae-6d03-4b99-8226-c467b7384fbb,f228e5e9-348e-4134-8b04-d230b87b35e9,2026-09-18,BAU handover,2026-09-29T21:55:00.000Z,2026-09-29T21:55:00.000Z
40040a90-507f-4e8d-9cfb-f71039bd25c2,f228e5e9-348e-4134-8b04-d230b87b35e9,2026-10-09,Renewal discovery start,2026-09-29T21:55:00.000Z,2026-09-29T21:55:00.000Z
0c0ffb33-01ca-404d-b7c0-8afee593c1fa,f228e5e9-348e-4134-8b04-d230b87b35e9,2026-10-23,Renewal MVP scope locked,2026-09-29T21:55:00.000Z,2026-09-29T21:55:00.000Z
665e0871-8ba3-4fe2-ba08-3e2f4582310e,0a867838-5ae5-4e55-b4a0-86e3183837ff,2026-09-04,Batch 1 kickoff,2026-09-29T21:55:00.000Z,2026-09-29T21:55:00.000Z
0f2fe4a8-6928-4d9f-8bc4-a0d302fe95ab,0a867838-5ae5-4e55-b4a0-86e3183837ff,2026-09-30,Batch 1 published,2026-09-29T21:55:00.000Z,2026-09-29T21:55:00.000Z
3f0f60c8-f70a-482a-a54d-72b49c45f0a4,0a867838-5ae5-4e55-b4a0-86e3183837ff,2026-10-16,Batch 2 draft complete,2026-09-29T21:55:00.000Z,2026-09-29T21:55:00.000Z
0cdafa07-2155-4e47-b9f6-4e07919ee66d,0a867838-5ae5-4e55-b4a0-86e3183837ff,2026-10-31,Batch 2 publish,2026-09-29T21:55:00.000Z,2026-09-29T21:55:00.000Z
cd0ced85-d239-42fb-acb7-1a02cc6e422e,d64f4569-0450-4d5e-a10c-368722ad0d5f,2026-10-02,False-positive gate review,2026-09-29T22:10:00.000Z,2026-09-29T22:10:00.000Z
f5413187-873c-4e9c-9f6a-f66ca8d6ec68,d64f4569-0450-4d5e-a10c-368722ad0d5f,2026-10-16,Expanded pilot decision,2026-09-29T22:10:00.000Z,2026-09-29T22:10:00.000Z
